Hospital ,City,Lat,Lng
ABINGTON MEMORIAL HOSPITAL,ABINGTON,40.1192757,-75.1206981
HORSHAM CLINIC,AMBLER,40.1874704,-75.1893296
BRYN MAWR HOSPITAL,BRYN MAWR,40.0194473,-75.3221774
EAGLEVILLE HOSPITAL,EAGLEVILLE,40.1557131,-75.4125302
EINSTEIN MEDICAL CENTER MONTGOMERY,EAST NORRITON,40.1530814,-75.3439508
LANSDALE HOSPITAL,LANSDALE,40.2504115,-75.2714216
HOLY REDEEMER HOSPITAL AND MEDICAL CENTER,MEADOWBROOK,40.1095342,-75.0818741
MONTGOMERY COUNTY EMERGENCY SERVICE,NORRISTOWN,40.1365505,-75.3521036
NORRISTOWN STATE HOSPITAL,NORRISTOWN,40.129333,-75.3482216
SUBURBAN COMMUNITY HOSPITAL,NORRISTOWN,40.140041,-75.3156774
VALLEY FORGE MEDICAL CENTER AND HOSPITAL,NORRISTOWN,40.1586704,-75.3675882
POTTSTOWN HOSPITAL,POTTSTOWN,40.2426719,-75.6121704
MAIN LINE HOSPITAL LANKENAU,WYNNEWOOD,39.9889344,-75.2610233
